10.293723	123.905136	Fort San Pedro	"<div dir=""ltr""><img src=""https://fbcdn-sphotos-d-a.akamaihd.net/hphotos-ak-frc3/1376344_10202040374428484_1063713608_n.jpg"" style=""font-size:10pt;width:259px"">Minor damage at walls.<BR><BR>&nbsp;</div><div dir=""ltr"">Photo from:&nbsp;<a href=""https://www.facebook.com/disinio"" style=""font-size:13px;color:rgb(59, 89, 152);text-decoration:none;font-weight:bold;line-height:18px;background-color:rgb(255, 255, 255)"" target=""_blank"">Cyruz Tajos Honoridez</a></div>"
10.3119	123.899536	Iglesia Ni Cristo - Cebu City Locale	"<div dir=""ltr""><img src=""https://fbcdn-sphotos-h-a.akamaihd.net/hphotos-ak-prn2/v/1380488_647098348655384_1732450969_n.jpg?oh=a54fc8cc15c6b3a0a1971a2483cd5660&amp;oe=525F76B3&amp;__gda__=1382000871_daa8434df0f62217f7a3f0b0ef3bd725"" style=""font-size:10pt;width:259px""></div><div dir=""ltr""><BR>&nbsp;</div><div dir=""ltr""><img src=""https://fbcdn-sphotos-h-a.akamaihd.net/hphotos-ak-prn2/v/602405_647099228655296_1527660341_n.jpg?oh=42c8e188396137c5b627a55cd79ed5e9&amp;oe=525F2A5D&amp;__gda__=1382051761_27623d5aa34ea0753c6c41f03ec04be1"" style=""width:259px""></div><div dir=""ltr""><BR>&nbsp;</div><div dir=""ltr"">Structural damage<BR><BR>Source: Judd Tecson<BR>&nbsp;</div>"
10.293945	123.902336	Basilica Minore de Santo Niño de Cebú	"<img src=""https://fbcdn-sphotos-e-a.akamaihd.net/hphotos-ak-prn2/1394383_10201680234979963_98598633_n.jpg"" title=""Basilica Minore de Santo Niño de Cebú""><BR><div dir=""ltr"">Belfry damaged/collapsed.</div>"
9.906627	124.105682	Chocolate Hills	"<div dir=""ltr""><b>Observation Deck Totally Damaged</b></div><div dir=""ltr""><BR>&nbsp;</div><div dir=""ltr""><img src=""https://pbs.twimg.com/media/BWmFSqFCIAEoSBy.png:large"" style=""font-size:10pt;width:243px""></div><div dir=""ltr""><BR>&nbsp;</div><div dir=""ltr"">Source: <a href=""https://twitter.com/tokyodrastic/status/389972738388938752"" target=""_blank"">Robert Poole</a></div>"
10.280127	123.854713	Sto. Tomas de Villanueva Parish	"<div dir=""ltr""><img src=""https://fbcdn-sphotos-e-a.akamaihd.net/hphotos-ak-frc3/1395848_10151817100238600_665782043_n.jpg"" style=""font-size:10pt;width:243px"">Minor Damage with few coral blocks chip away</div>"
10.311721	123.900963	University of San Carlos - North Campus	"Structural damage&nbsp;<img src=""https://z-n.ak.fbcdn.net/sphotos-h.ak/hphotos-ak-prn2/v/1392735_10202203675954536_399172536_n.jpg?oh=a6c4a4beac5023e4728c2bbd0871b5ae&amp;oe=525F0004&amp;__gda__=1382046713_c6ad6396df6ee9bd17e9ce851fe62665"" style=""width:259px""><div><BR>&nbsp;</div><div><img src=""https://z-n.ak.fbcdn.net/sphotos-h.ak/hphotos-ak-prn2/v/1396414_10202203676034538_2125018557_n.jpg?oh=d628242593d7cecc83b42812a0d3d55d&amp;oe=525EC775&amp;__gda__=1382012039_4429d585c2cefedeb7908abae735f78a"" style=""width:259px""></div><div><BR>&nbsp;</div><div>Source: Judd Tecson</div>"
10.10581	123.64016	Santa Catalina Church, Carcar City	"<b>Minor damage<BR></b><div dir=""ltr""><img src=""https://fbcdn-sphotos-d-a.akamaihd.net/hphotos-ak-ash4/1393796_10151887193667284_1868582005_n.jpg"" style=""font-size:10pt;width:243px""></div><div dir=""ltr"">Photo from&nbsp;<a href=""https://www.facebook.com/girlie.e.veloso"" style=""color:rgb(59, 89, 152);font-weight:bold;line-height:18px;background-color:rgb(255, 255, 255)"" target=""_blank"">Girlie Enriquez Veloso</a>&nbsp;Fb</div><div dir=""ltr""><BR>&nbsp;</div><div dir=""ltr"">Minimal Damage</div>"
10.295782	123.902855	Cebu Metropolitan Cathedral	"<div><img src=""https://fbcdn-sphotos-g-a.akamaihd.net/hphotos-ak-ash3/1383834_10151817093028600_621913224_n.jpg"" style=""width:243px""></div>Minor Damage"
9.618352	123.909302	Baclayon Church	"<b><font color=""#ff0000"">Major damage. Belfry and facade collapsed.</font></b><div><font color=""#ff0000""><b><BR></b></font><b><font color=""#ff0000""></font></b><div dir=""ltr""><img src=""https://pbs.twimg.com/media/BWlJcFZCAAAX4uI.jpg"" style=""font-size:10pt;width:242px""><BR><BR>&nbsp;</div><div dir=""ltr"">Source: <a href=""https://twitter.com/myd_19/status/389923589748559872"" target=""_blank"">Meide Besas</a></div></div>"
10.29916	123.904144	Yap-San Diego Ancestral House	Minor damage in structure, but house fixtures damaged,.
10.298579	123.904022	Jesuit House	Minor Damage. Walls chipped. Tile roof slid a bit
9.636324	124.031113	Loboc Church	"<b><font color=""#ff0000"">Major damage</font></b><div><b><font color=""#ff0000"">&nbsp;</font></b><div><img src=""https://pbs.twimg.com/media/BWlQFgqCYAAvKuI.jpg"" style=""width:242px""><div><BR>&nbsp;</div><div>Source: <a href=""https://twitter.com/myd_19/status/389930898486865922"" target=""_blank"">Jodi Omana via Meide Besas</a></div></div></div>"
9.799061	123.791885	Our Lady of Light, Loon	"<b><font color=""#ff0000"">Totally destroyed</font></b><div><font color=""#ff0000""><b><BR></b></font><div><img src=""https://pbs.twimg.com/media/BWlocFSCEAA822O.jpg"" style=""width:242px""></div><div><span style=""font-size:10pt"">&nbsp;</span></div><div>Source: <a href=""https://twitter.com/GreggPomida/status/389957674403500032"" target=""_blank"">Greg Pomida</a></div><div><BR>&nbsp;</div></div>"
9.742261	123.844025	Maribojoc Church	"<b><font color=""#ff0000"">TOTALLY COLLAPSED</font></b><div><BR><span style=""font-size:10pt""><BR></span></div><div><span style=""font-size:10pt"">&nbsp;</span></div><div>Source:&nbsp;</div>"
10.293122	123.879677	Budget Builders	"<img src=""https://fbcdn-sphotos-g-a.akamaihd.net/hphotos-ak-prn2/1375811_10200554040989658_1241534286_n.jpg"" style=""width:243px""><div>Photo From&nbsp;<a href=""https://www.facebook.com/lorensgibb"" style=""font-size:10pt;color:rgb(59, 89, 152);font-weight:bold;line-height:18px;background-color:rgb(255, 255, 255)"" target=""_blank"">Gibby Lapinid</a></div><div><BR>&nbsp;</div><div>Totally Damage</div>"
9.608874	123.838577	Dauis Church	"<div><b><font color=""#ff0000"">Damaged Roof</font></b></div><div><BR>&nbsp;</div><div><img src=""https://pbs.twimg.com/media/BWlyZI7CMAEQ9J7.jpg"" style=""width:242px""></div><div><BR>&nbsp;</div><div>Source: <a href=""https://twitter.com/annaigpit/status/389968619095875585"" target=""_blank"">Anna Igpit</a></div><div><BR>&nbsp;</div>Dauis, Philippines<BR>"
10.313906	123.95874	Osmeña Bridge	Dakbayan sa Lapu-Lapu, Philippines<BR>DPWH 7 deploys team to inspect status of 2 Mandaue-Mactan bridges after strong #earthquake. #Cebu via @PIACentralViz<BR>Source @sunstarcebu
9.626476	123.484955	Ilihan, Boljoon	"<img src=""https://fbcdn-sphotos-h-a.akamaihd.net/hphotos-ak-prn2/1395363_10151915669960240_2114940054_n.jpg"" style=""width:243px""><div><BR>&nbsp;</div><div>Landslide</div>"
9.777239	123.960457	Earthquake Epicenter	"<span style=""font-family:arial;font-size:13px"">M7.1 - 2km NE of Catigbian, Philippines</span><p style=""font-family:arial;font-size:13px;margin-top:0px"">2013-10-15 00:12:32 UTC<BR>2013-10-15 08:12:32 at epicenter</p><p style=""font-family:arial;font-size:13px""><span title=""PAGER estimated impact alert level"">PAGER - Yellow</span>&nbsp;<span title=""ShakeMap maximum estimated intensity"">ShakeMap&nbsp;- VII</span><span title=""Did You Feel It? maximum reported intensity (131 reports)"">DYFI?&nbsp;- VIII</span></p><p style=""font-family:arial;font-size:13px;clear:left"">Depth: 20.0 km</p>"
10.349729	123.948692	Tonyo's	"<div dir=""ltr"">Shattered glasses and minor wall cracks</div>"
10.328599	123.909088	The Tinderbox	"<img src=""http://pbs.twimg.com/media/BWm-LytCQAAlXqk.jpg"" style=""width:259px""><div><BR>&nbsp;</div><div>Damages</div>"
9.658292	123.857117	Governors Mansion	Headquarters of Bohol #EarthquakePH
9.635784	124.014015	Brgy. Candasag, Loboc	"<font face=""arial"" size=""2"">Landslide Reports from Bohol Provincial Police Office (BPPO)</font>"
9.634938	124.126968	Brgy. Gunido, Dimiao	"<font face=""arial"" size=""2"">Landslide Reports from Bohol Provincial Police Office (BPPO)</font>"
9.690106	124.081993	Brgys. Cabacnitan, Bilar	"<font face=""arial"" size=""2"">Landslide Reports from Bohol Provincial Police Office (BPPO)</font>"
9.739512	124.131775	Brgy. Bonifacio, Bilar	"<font color=""#37404e"" face=""lucida grande, tahoma, verdana, arial, sans-serif"" size=""2""><span style=""line-height:18px"">Landslide Reports from Bohol Provincial Police Office (BPPO)</span></font>"
9.713626	123.874107	Liloan National Highway,	"<font face=""arial"" size=""2"">Landslide Reports from Bohol Provincial Police Office (BPPO)</font>"
9.993196	124.100189	Brgy Buangan, Clarin	"<font face=""arial"" size=""2"">Landslide Reports from Bohol Provincial Police Office (BPPO)</font>"
10.028358	124.129028	Brgy. Tontonan, Clarin	"<font face=""arial"" size=""2"">Landslide Reports from Bohol Provincial Police Office (BPPO).</font>"
9.603797	124.07341	Brgy. Banban	"<font face=""arial"" size=""2"">Landslide Reports from Bohol Provincial Police Office (BPPO)</font>"
9.60752	124.110146	Brgy. Polo	"<font color=""#37404e"" face=""lucida grande, tahoma, verdana, arial, sans-serif"" size=""2""><span style=""line-height:18px"">Landslide Reports from Bohol Provincial Police Office (BPPO)</span></font>"
9.677584	123.914619	Brgy. Cancatac	"<font face=""arial"" size=""2"">Landslide Reports from Bohol Provincial Police Office (BPPO)</font>"
9.857922	123.995132	Brgy. Dorol, Balilihan	"<font face=""arial"" size=""2"">Landslide Reports from Bohol Provincial Police Office (BPPO)</font>"
9.876864	124.359741	Brgy. Sudlon, Alicia	"<font face=""arial"" size=""2"">Landslide Reports from Bohol Provincial Police Office (BPPO)</font>"
9.894452	124.326782	Brgy. Del Monte, Alicia	"<font face=""arial"" size=""2"">Landslide Reports from Bohol Provincial Police Office (BPPO)</font>"
9.730038	123.861237	Cortes to Maribojoc	<div>Non-Passable Road according to Bohol Provincial Police Office (BPPO)</div><div><BR>&nbsp;</div>
9.797369	123.867416	Balilihan to Antequera Road	<div>Non-Passable Road according to Bohol Provincial Police Office (BPPO)</div><div><BR>&nbsp;</div>
9.604812	123.975906	Albur to Loay Road	<div>Non-Passable Road according to Bohol Provincial Police Office (BPPO)</div><div><BR>&nbsp;</div>
9.615052	124.023109	Bilar to Loboc Road	<div>Non-Passable Road according to Bohol Provincial Police Office (BPPO)</div><div><BR>&nbsp;</div>
9.696874	123.87085	Abatan Bridge	"<span style=""font-size:10pt;color:rgb(55, 64, 78);line-height:18px;background-color:rgb(255, 255, 255)"">submerged in water&nbsp;</span><font color=""#37404e"" face=""lucida grande, tahoma, verdana, arial, sans-serif"" size=""2""><span style=""line-height:18px"">according to Bohol Provincial Police Office (BPPO)</span></font>"
9.864687	123.872223	Calape Bridge	"<span style=""font-size:10pt;color:rgb(55, 64, 78);line-height:18px;background-color:rgb(255, 255, 255)"">passable by light vehicles&nbsp;</span><font color=""#37404e"" face=""lucida grande, tahoma, verdana, arial, sans-serif"" size=""2""><span style=""line-height:18px"">according to Bohol Provincial Police Office (BPPO)</span></font>"
9.684691	124.153748	Loay Bridge	"<span style=""font-size:10pt;color:rgb(55, 64, 78);line-height:18px;background-color:rgb(255, 255, 255)"">passable by light vehicles&nbsp;</span><font color=""#37404e"" face=""lucida grande, tahoma, verdana, arial, sans-serif"" size=""2""><span style=""line-height:18px"">according to Bohol Provincial Police Office (BPPO)</span></font>"
9.611751	123.943459	Alburquerque Bridge	"<span style=""font-size:10pt;color:rgb(55, 64, 78);line-height:18px;background-color:rgb(255, 255, 255)"">passable by MC only&nbsp;</span><font color=""#37404e"" face=""lucida grande, tahoma, verdana, arial, sans-serif"" size=""2""><span style=""line-height:18px"">according to Bohol Provincial Police Office (BPPO)</span></font>"
9.799061	123.797379	Loon Church	"<span style=""font-size:10pt;color:rgb(55, 64, 78);line-height:18px;background-color:rgb(255, 255, 255)"">totally damaged&nbsp;</span><font color=""#37404e"" face=""lucida grande, tahoma, verdana, arial, sans-serif"" size=""2""><span style=""line-height:18px"">according to Bohol Provincial Police Office (BPPO)</span></font>"
9.742261	123.843987	Maribojoc Church	"<span style=""font-size:10pt;color:rgb(55, 64, 78);line-height:18px;background-color:rgb(255, 255, 255)"">totally damaged&nbsp;</span><font color=""#37404e"" face=""lucida grande, tahoma, verdana, arial, sans-serif"" size=""2""><span style=""line-height:18px"">according to Bohol Provincial Police Office (BPPO)</span></font>"
9.848451	123.999939	Catigbian Church	"Minor damages. Have some cracks in walls.<div><img src=""https://z-n.ak.fbcdn.net/sphotos-d.ak/hphotos-ak-prn2/p480x480/1395858_713908968637419_1740413265_n.jpg"" style=""width:242px""><BR>&nbsp;<BR><div>Photo by: Emmanuel Inting (fb)</div></div>"
9.892422	123.87291	Calape Church	"<div dir=""ltr""><b>Minor Damage</b>. Falling debris from top portion of the church.<BR><BR>&nbsp;</div><BR><img src=""https://z-n.ak.fbcdn.net/sphotos-h.ak/hphotos-ak-ash4/1376633_10201434886492711_1574190088_n.jpg""><BR>Photo from: FB"
10.313442	123.894165	Gabriel Reyes Building, University of San Carlos - Downtown Campus	"<font face=""arial"" size=""2""><img src=""https://fbcdn-sphotos-f-a.akamaihd.net/hphotos-ak-ash3/1010158_521575417929491_1709237672_n.jpg"" style=""width:244px""><img src=""https://fbcdn-sphotos-h-a.akamaihd.net/hphotos-ak-ash4/1380533_521575371262829_201891371_n.jpg"" style=""width:244px""></font><div style=""font-family:arial;font-size:10pt""><BR>&nbsp;</div><div><font face=""arial"" size=""2"">Minor damages</font><BR><font face=""arial"" size=""2"">&nbsp;</font></div><div style=""font-family:arial;font-size:10pt"">Photos by Ken Ecarma, USC SSC</div>"
9.951684	123.962364	Tubigon	"<div><img src=""https://fbcdn-sphotos-e-a.akamaihd.net/hphotos-ak-prn2/1377384_10151886770592225_1553879098_n.jpg"" style=""width:259px""></div><div><BR>&nbsp;</div>Damaged hall<BR><div><BR>&nbsp;</div><div>Photo from <a href=""https://www.facebook.com/GMANewsCebu?directed_target_id=0"" target=""_blank"">GMA News Cebu</a></div>"
10.319479	123.904732	ActiveZone, Ayala Activity Center	"<img src=""https://fbcdn-sphotos-e-a.akamaihd.net/hphotos-ak-ash3/1378090_10152096441003814_1157194436_n.jpg"" style=""width:244px""><div><BR>The mall has since returned to full operation.&nbsp;</div><div><BR>&nbsp;</div><div>Credit goes to the rightful owner</div>"
10.338373	123.911301	Gaisano Country Mall	"<img src=""http://assets.rappler.com/7D60D544929C4CC898C4246A8D123D27/img/7E162E3A92264E9CA571B6DAD862CABF/earthquake-cebu-20131015-Cebu-Provincial-Government_7E162E3A92264E9CA571B6DAD862CABF.jpg"" style=""width:244px""><div><BR>&nbsp;</div><div>Photo from Cebu Provincial Government Facebook page</div>"
9.9117	124.096756	Sagbayan Municipal Hall	"<div><img src=""https://fbcdn-sphotos-f-a.akamaihd.net/hphotos-ak-prn2/1382889_10151885198167225_633665540_n.jpg"" style=""width:259px""></div><div><BR>&nbsp;</div>Damages to Municipal Hall<BR><div><BR>&nbsp;</div><div><span style=""color:rgb(51, 51, 51);font-size:13px;line-height:18px;background-color:rgb(255, 255, 255)"">&nbsp;Photo by Robert Poole</span></div>"
9.796354	123.792572	Loon Bridge	"<div><img src=""https://fbcdn-sphotos-d-a.akamaihd.net/hphotos-ak-ash4/1380241_10151884842562225_165095090_n.jpg"" style=""width:259px""></div><div>Unpassable</div><div><BR>&nbsp;</div>Photos<span style=""color:rgb(51, 51, 51);font-size:13px;line-height:18px;background-color:rgb(255, 255, 255)"">&nbsp;by Iris Cornito.</span>"
9.725227	123.874077	Abatan Bridge	"<div><img src=""https://fbcdn-sphotos-d-a.akamaihd.net/hphotos-ak-ash4/1380241_10151884842562225_165095090_n.jpg"" style=""width:259px""></div><div><BR>&nbsp;</div><div>Unpassable</div><div><BR>&nbsp;</div>Maribojoc 6336, Philippines<BR><div><BR>&nbsp;</div><div><span style=""color:rgb(51, 51, 51);font-size:13px;line-height:18px;background-color:rgb(255, 255, 255)"">Photo by Iris Cornito.</span></div>"
10.326066	123.899002	East West Cafe	"<div dir=""ltr""><img src=""https://fbcdn-sphotos-a-a.akamaihd.net/hphotos-ak-prn2/1378626_10202134669030257_421160630_n.jpg"" style=""width:259px""><BR><BR>Broken glass wall at East West, Cebu IT Park after the earthquake Photo by: Borgie Chan</div>"
10.319938	123.933571	Cebu Doctors University	"<img src=""https://pbs.twimg.com/media/BWk95LdCIAEkNjx.jpg:large"" style=""width:244px""><div><BR>&nbsp;</div><div>Photo by&nbsp;<a href=""https://twitter.com/psycharlotta19"" dir=""ltr"" style=""color:rgb(3, 133, 67);text-decoration:none;font-family:Arial, sans-serif;font-size:14px;line-height:18px;white-space:pre-wrap;background-color:rgb(245, 245, 245)"" target=""_blank""><span style=""color:rgb(103, 181, 142)"">@</span>psycharlotta19</a></div>"
10.311415	123.917824	SM City Cebu	"<div><img src=""http://i.cdn.turner.com/ireport/sm/prod/2013/10/15/WE01021056/3012039/IMG20131015105530jpg-3012039_p9.jpg""></div><div><BR>&nbsp;</div>Minor damages.<div><BR>&nbsp;</div><div>Photo from CNN iReport</div>"
10.294383	123.905617	GMC Building	"<div dir=""ltr"">Wall cracks and </div>"
9.64028	123.856567	Bohol Provincial Capitol	"<div dir=""ltr"">Major damage on western wall.</div>"
9.639211	123.855736	St. Joseph Cathedral	"<div dir=""ltr"">Major damage on wall of western wing, few minor damage on wall of eastern wing, substantial damage on belfry</div>"
9.641221	123.854874	HNU-Tagbilaran Main Building	"<div dir=""ltr"">Total collapse of fourth floor west facing wall </div>"
9.638228	123.856819	A.M. Torralba Street	"<div dir=""ltr"">Unpassable due collapsed cave</div>"
9.625545	123.86499	Our Lady of Assumption Church	"<div dir=""ltr"">Total collapse of the facade</div>"
9.663708	123.872223	three storey building	"<div dir=""ltr"">heavily damaged</div>"
9.634536	123.864113	National Fool Authority	"<div dir=""ltr"">cracks along the road side below National Fool Authority down to the rear of Fernandez Apartment, might cause landslide endangering several houses on the foreshore.</div>"
9.626645	123.871239	Borja Bridge	"<div dir=""ltr"">cracks on the access roads</div>"
10.310671	123.88961	Cebu Cherish School	"<img src=""https://dl.dropboxusercontent.com/u/4678943/earthquake%20oct13/1377446_10200689603904292_348083271_n.jpg""><img src=""https://dl.dropboxusercontent.com/u/4678943/earthquake%20oct13/1377446_10200689603904292_348083271_n.jpg""><div dir=""ltr""></div><div><img src=""https://dl.dropboxusercontent.com/u/4678943/earthquake%20oct13/1377446_10200689603904292_348083271_n.jpg""><BR>&nbsp;</div><div>Structural damage</div><div><BR>&nbsp;</div><div>Photo by Kim Beniga</div>"
9.949745	123.963371	Holy Cross Academy	"<div dir=""ltr"">Heavily damaged<BR>Source: Robert Bryan Mandin<BR>&nbsp;</div>"
9.725173	123.874077	Abatan River Bridge	"<div dir=""ltr"">Collapsed.<BR>Source: Robert Bryan Mandin<BR>&nbsp;</div>"
10.099605	123.638451	AB South Enterprises  - Carcar City	"Visible Structural Damage<BR><img src=""https://fbcdn-sphotos-d-a.akamaihd.net/hphotos-ak-ash4/1385829_10151801350776263_1514965823_n.jpg"" style=""width:242px"">"
9.8819	123.608002	San Miguel Archangel Parish - Argao	"Minor Damage<BR><img src=""https://fbcdn-sphotos-c-a.akamaihd.net/hphotos-ak-prn1/155730_10151801388361263_1834421397_n.jpg"" style=""width:242px"">"
9.881393	123.608788	Casa Real - Argao	"Portion of Roof Collapse<BR><div><img src=""https://fbcdn-sphotos-e-a.akamaihd.net/hphotos-ak-ash3/1383580_10151801388501263_2017327691_n.jpg"" style=""width:242px""></div>"
9.761294	123.534782	San Guillermo Parish  - Dalaguete	"Bell Tower Heavy Damage<div><img src=""https://fbcdn-sphotos-g-a.akamaihd.net/hphotos-ak-ash3/1380768_10151801403031263_1722951646_n.jpg"" style=""width:242px""></div>"
9.76159	123.531944	Dalaguete Musuem	"Big Crack Visible<div><BR>&nbsp;</div><div><img src=""https://fbcdn-sphotos-a-a.akamaihd.net/hphotos-ak-prn2/1385315_10151801418326263_2047390008_n.jpg"" style=""width:242px""></div>"
9.768738	123.53199	Dalaguete -No Water	"Most of Barangay of Dalaguete has no water.. the pipeline from the mountain source was busted.<BR>Photo from Michelle Angelie Jerezon Bejec Fb<BR><div><BR>&nbsp;</div><div><img src=""https://fbcdn-sphotos-c-a.akamaihd.net/hphotos-ak-frc3/1378331_10200691970490855_1876867846_n.jpg"" style=""width:242px""></div>"
10.00131	124.068604	U-Og Inabanga -No Water	
9.978318	124.050751	Inabanga Church	"Totally Damage<BR><div dir=""ltr""><img src=""https://fbcdn-sphotos-d-a.akamaihd.net/hphotos-ak-ash4/1390501_709583522404138_1180160571_n.jpg"" style=""font-size:10pt;width:242px""><BR>&nbsp;</div>"
10.326403	123.936256	Cebu International Convention Center	Collapse Ceilings<BR>Temporarily Close
9.825448	124.031525	Catigbian	"<div dir=""ltr"">No Water in Catigbian.</div>"
9.64574	123.449562	Boljoon	<span>Entire social welfare office was wiped out because<BR>of a tidal wave. Around 3 houses were also damaged because of the rocks<BR>from the Eli.</span><div><span><BR></span></div><div><span>via Milafel Dacanay</span></div>
9.738802	123.843918	Maribojoc	<span>via&nbsp;<span>Jeanne Rose Asur&nbsp;</span></span><div><span><BR></span></div><div><span>pls help MARIBOJOC they really need help especially<BR>in remote areas there (DOBDOB,DIPATLONG and STO.ROSARIO,BAYACABAC...they<BR>don't hav shelter and it's still raining n ds areas they're all<BR>wet..they hav a lot of children there...they need food,water and<BR>tent...pls help..god bless..</span></div>
9.848451	124.04303	Sr Sto Nino Parish of Baang, Catigbian, Bohol	"Altar has been damaged.&nbsp;<div><img src=""https://z-n.ak.fbcdn.net/sphotos-h.ak/hphotos-ak-ash4/p296x100/1378461_609491372422471_1948061315_n.jpg"" style=""width:242px""></div><div><BR>&nbsp;</div><div>Photo by:&nbsp;</div><h5 style=""font-size:14px;color:rgb(20, 24, 35);margin:0px;padding:0px;font-weight:normal;line-height:18px;max-width:480px;outline:none;background-color:rgb(255, 255, 255)""><span style=""font-weight:bold""><a href=""https://www.facebook.com/althafhe.llorente"" style=""color:rgb(20, 24, 35);text-decoration:none"" target=""_blank"">Aleta Hope Calacat Llorente</a></span>&nbsp;</h5>"
9.837626	123.817978	Tangnan Church...( Tangnan, Loon, Bohol)	"Heavy damage. Entrance damage. Walls on both sides partially collapsed.<div><BR>&nbsp;</div><div><img src=""https://z-n.ak.fbcdn.net/sphotos-d.ak/hphotos-ak-frc3/p480x480/1385970_625276904189949_404143972_n.jpg"" style=""width:242px""></div><div><BR>&nbsp;</div><div>Photo:&nbsp;</div><h5 style=""font-size:12px;color:rgb(51, 51, 51);margin:4px 51px 1px 0px;padding:0px;font-weight:normal;line-height:16px;background-color:rgb(255, 255, 255)""><span style=""color:rgb(137, 145, 156)""><a href=""https://www.facebook.com/marcrouen.meguillo"" style=""color:rgb(59, 89, 152);text-decoration:none"" target=""_blank"">Marc Rouen Meguillo</a></span></h5>"
9.861305	123.84819	Cuasi Church - (Cuasi, Loon, Bohol)	"Light-Moderate Damage. Cracks on walls and some parts collapsed.<div><img src=""https://z-n.ak.fbcdn.net/sphotos-e.ak/hphotos-ak-frc3/p480x480/1394779_625277947523178_1117236927_n.jpg"" style=""width:242px""></div><div><BR>&nbsp;</div><div>Photo:&nbsp;</div><h5 style=""font-size:12px;color:rgb(51, 51, 51);margin:4px 51px 1px 0px;padding:0px;font-weight:normal;line-height:16px;background-color:rgb(255, 255, 255)""><span style=""color:rgb(137, 145, 156)""><a href=""https://www.facebook.com/marcrouen.meguillo"" style=""color:rgb(59, 89, 152);text-decoration:none"" target=""_blank"">Marc Rouen Meguillo</a></span></h5>"
9.870099	123.894196	No Water in Calape	Calape is in need of Water.
9.852679	123.97419	Catigbian to Caimbang, San Isidro	"A landslide occurred in the road going to San Isidro from Catigbian via Caimbang.<div><img src=""https://z-n.ak.fbcdn.net/sphotos-a.ak/hphotos-ak-frc3/p480x480/1393585_669869659699594_2054125737_n.jpg"" style=""width:242px""></div><div><BR>&nbsp;</div><div>Photo by: Selyn Impas</div>"
9.837119	124.048431	Bagtic, Catigbian, Bohol	"<div dir=""ltr""><img src=""https://z-n.ak.fbcdn.net/sphotos-d.ak/hphotos-ak-frc3/p296x100/1379787_580812131956507_1119656376_n.jpg"" style=""font-size:10pt;width:242px"">Roads are impassable due to large cracks brought after the 7.2M quake. Areas can be accessed on foot.<BR><BR>&nbsp;</div><div dir=""ltr"">Photo:&nbsp;</div><a href=""https://www.facebook.com/gary.gementiza.75"" style=""color:rgb(20, 24, 35);text-decoration:none;font-weight:bold;font-size:14px;line-height:18px;background-color:rgb(255, 255, 255)"" target=""_blank"">Gary Gementiza</a>"
9.961401	124.024269	St. Michael the Archangel Parish	"<div><img src=""https://www.facebook.com/photo.php?fbid=226346954196367&amp;set=pb.100004631918129.-2207520000.1381972259.&amp;type=3&amp;theater""></div><div>&nbsp;</div><div>clarin church detroyed</div>"
9.741204	123.843987	Maribojoc	"""<span style=""color:rgb(51, 51, 51);line-height:17px;background-color:rgb(255, 255, 255)"">Kung knsa man mkreciv ani nga msg pls pls. Na.a nay kuryente sa ubang dapit. .pls pkitel sa gma or a.b.s nga isolated na ang maribojoc d na mi mkadung tagb or lo0n bkoz of landslyds and br0ken bridges.wla na mi pgka0n,tubg og ubng gamit.dghan kau patay dri we rily nid relief guds.maribojoc n0w is a ghost town.dugay man mu abot ang relief guds fr0m gov't ma0ng mangau lng mi tbng sa media.tnx Kung knsa man mkreciv ani nga msg pls pls. Na.a nay kuryente sa ubang dapit. .pls pkitel sa gma or a.b.s nga isolated na ang maribojoc d na mi mkadung tagb or lo0n bkoz of landslyds and br0ken bridges.wla na mi pgka0n,tubg og ubng gamit.dghan kau patay dri we rily nid relief guds.maribojoc n0w is a ghost town.dugay man mu abot ang relief guds fr0m gov't ma0ng mangau lng mi tbng sa media.tnx""</span><div><span style=""color:rgb(51, 51, 51);line-height:17px;background-color:rgb(255, 255, 255)""><BR></span></div><div><span style=""color:rgb(51, 51, 51);line-height:17px;background-color:rgb(255, 255, 255)"">-</span><a href=""https://www.facebook.com/pebzjava/posts/10151900527877381"" style=""font-size:10pt"" target=""_blank"">https://www.facebook.com/pebzjava/posts/10151900527877381</a></div>"
10.319598	123.972458	Pusok- Motumbo Lapu-Lapu City	"Photo By<BR>Fritz John Augosto Menguito<BR><img src=""https://fbcdn-sphotos-h-a.akamaihd.net/hphotos-ak-frc1/1167327_625257367526408_1690838351_o.jpg"" style=""width:242px"">"
10.311394	124.015289	Lapu-Lapu Monument	"Head of Lapulapu statue Crack<BR>Photo by Fritz John Augosto Menguito<BR><img src=""https://fbcdn-sphotos-h-a.akamaihd.net/hphotos-ak-frc3/1381903_626695837382561_1800194511_n.jpg"" style=""width:242px"">"
10.31076	124.015289	Magellan's Marker - Lapu-Lapu City	"<img src=""https://fbcdn-sphotos-f-a.akamaihd.net/hphotos-ak-prn2/1391960_626695850715893_953684157_n.jpg"" style=""width:242px"">Minor Damages<BR>Photo by Fritz John Augosto Menguito"
10.317231	123.890503	Cebu Provincial Capitol Building	"<div><font face=""arial"" size=""2"">Capitol Building with minor cracks.</font></div><div><font face=""arial"" size=""2""><BR></font></div><font face=""arial"" size=""2"">Reports from Cebu Provinicial Disaster Risk Reduction and Emergency Management&nbsp;</font><div><BR>&nbsp;</div>"
10.316819	123.890823	Legislative Building – with minor cracks	
10.326694	123.936539	Cebu International Convention Center – ceiling of Plenary Hall collapsed	"<font face=""arial"" size=""2"">Reports from Cebu Provinicial Disaster Risk Reduction and Emergency Management&nbsp;</font>"
10.322464	123.899048	Cebu Cultural Center	
9.943574	123.96125	Tubigon Community Hospital	
9.951513	123.962502	Tubigon Tennis Court	
9.950316	123.96286	Tubigon Parish	"Heavily Damages<BR><div><img src=""http://s.wsj.net/public/resources/images/BN-AA182_phquak_G_20131016075326.jpg"" style=""font-size:10pt;width:242px"">&nbsp;</div>"
9.63644	124.030693	Loboc Belltower	"Collapse<BR><img src=""http://newsinfo.inquirer.net/files/2013/10/boholquake3-300x453.jpg"" style=""width:242px"">"
9.88532	124.41124	Alicia Elementary School	Evacuation Center
9.991104	124.441216	Placemark 103	
9.895128	124.423943	licia Basket Ball Court	
9.679953	124.082336	Dagohoy Brgy. Hall	
9.702627	124.096069	Campagao Brgy. Hall	
9.718532	124.103279	Poblacion Brgy. Hall	
9.718532	124.122849	Cambigsi Brgy. Hall	
9.732406	124.113235	Cabacnitan Brgy. Hall	
9.746618	124.120102	Bohol Island State University	
9.744249	124.140358	Brgy. Bonifacio Brgy. Hall	
9.625037	123.864586	Lawis Elementary School	
10.002663	124.200272	Buenavista Oval	
10.013989	124.200096	Brgy. Rufohill	
10.054389	124.180527	Church Plaza	
10.063178	124.171944	Buenavista Elem. School	
9.895804	123.88295	Oval Sports Complex	
9.894029	123.88089	Cultural Center	
9.895847	123.881065	Munical Plaza Calape	
9.892591	123.877113	Calape Central School	
9.898869	123.831688	Talisay Brgy. Hall	
9.893395	123.821671	Looc Brgy. Hall	
9.687398	123.911018	Corella Plaza	
9.694992	123.926102	Purok Centers	
9.700935	123.870895	No Electricity	
9.991125	124.441086	Ubay College	
9.990406	124.440079	Ubay Football Field	
9.989815	124.439072	Ubay Municipal Ground	
9.989138	124.438278	North Eastern College (Ubay)	
9.991864	124.439499	CNC - Ubay	
9.580544	123.752579	Plaza Church	
9.634854	124.028694	Sto. Nino Shrine Plaza	
9.649154	124.027832	Triple union elementary School	
9.664554	124.04998	Camayaan Nat’l H.S.	
9.664131	124.060707	Alegria Open Ground	
9.808364	124.28936	Plaza	
9.6566	123.852699	Gallares Sports Complex	
9.648054	123.855461	Bohol Cultural Center	
9.947843	123.990799	Tubigon East Central School	
9.949713	123.964279	Tubigon West Central School	
9.951552	123.962563	Tubigon Tennis Court	
9.943584	123.960876	Tubigon Community Hospital	
10.053079	124.472137	Ubay College	
9.989646	124.440338	Ubay Football Field	
9.993449	124.439651	Municipal Ground	
10.054051	124.474838	North Eastern College	
10.042345	124.468742	CNC	
9.741172	123.844078	maribojoc emergency and rescue unit	"<span style=""color:rgb(128, 128, 128);font-size:11px;line-height:14px;background-color:rgb(255, 255, 255)"">medicine needed in maribojoc emergency and rescue unit based at the fire station: paracetamol, amoxicillin, cefalixin, betadine, loperamide, plaster, cotton, os, mefenamic</span>"
9.768907	124.487328	EC Mayaga High School	
9.775843	124.487968	Loay Church Plaza	
9.801471	124.165375	Carmen Plaza	
10.147677	124.154266	Getafe Plaza	
9.583231	123.753349	Eric Flow Hotel	
9.5823	123.746651	Eric Flow Hotel	
9.584332	123.76622	Lourdes Plaza	
9.596349	123.798836	Lourdes High School	
10.031738	124.067314	Undo elem school	
10.028104	124.063797	Lawis Elementary School	
10.030386	124.072891	Poblacion Elem School	
9.648868	123.854103	PagIbig fund Office in Bohol	"<h5 style=""font-size:13px;margin:0px;padding:0px;word-break:break-word;word-wrap:break-word;font-weight:normal;outline:none;line-height:1.38;background-color:rgb(255, 255, 255)""><div style=""margin-bottom:0px;font-weight:bold;padding-bottom:4px""><a href=""https://www.facebook.com/pia.centralviz?hc_location=stream"" style=""color:rgb(59, 89, 152);text-decoration:none"" target=""_blank"">Pia Central Visayas</a></div></h5><h5 style=""font-size:11px;margin:0px 0px 5px;padding:0px;word-break:break-word;word-wrap:break-word;font-weight:normal;line-height:14px;background-color:rgb(255, 255, 255)""><span style=""color:rgb(51, 51, 51);font-size:13px;line-height:1.38""><div><span>PagIbig fund offices in Cebu are open but Bohol office is destroyed by the quake.&nbsp;<a href=""https://www.facebook.com/hashtag/quakenewspia"" style=""color:rgb(59, 89, 152);text-decoration:none"" target=""_blank"">#quakenewspia</a></span></div></span></h5>"
10.290282	123.889671	Sawang Calero Cockpit	
10.325221	123.912308	Kasambagan Gym	
10.271343	123.859344	Cogon Pardo Gym	
10.328261	123.898659	Mormons Church	
10.300331	123.89563	Abellana Sports Complex	
10.3043	123.899002	Cogon Ramos Gym	
10.294061	123.885956	San Nicolas Elem. School	
10.290577	123.893852	Senior Citizens Office	
10.323722	123.898636	Lahug Gym	
10.326235	123.916725	Brgy. Kasambagan Basketball Court	
10.315004	123.882607	Brgy. Banawa Gun Club	
10.269485	123.843384	Bulacao Community School	
10.299117	123.906425	Brgy. Tinago Gym	
10.26862	123.855461	Inayawan Covered Court	
10.239397	123.779976	Immaculat Heart of Mary Multi-Purpose Center	
10.250018	123.804886	Lipata Center School	
10.244317	123.812912	Tungkil Barangay Hall	
9.606843	123.474998	Boljoon Cockpit	
9.631765	123.481049	Boljoon Parish Church	
10.940181	124.015045	Mowabok Day Care Center	
10.268577	123.836235	Chapel Sitio Sambagan	
